RegionName,SubRegionName,CountryName,Year,Count
Africa,Eastern Africa,Mauritius,2003,11062
Africa,Eastern Africa,Uganda,2003,23513
Africa,Eastern Africa,Zimbabwe,2003,176648
Africa,Middle Africa,Cameroon,2003,11839
Africa,Northern Africa,Egypt,2003,30116
Africa,Northern Africa,Morocco,2003,69789
Africa,Southern Africa,Eswatini,2003,21535
Americas,Central America,Costa Rica,2003,6877
Americas,Northern America,Bermuda,2003,969
Americas,Northern America,Canada,2003,720021
Americas,Northern America,United States of America,2003,7026802
Americas,South America,Ecuador,2003,4277
Americas,South America,Peru,2003,58126
Americas,South America,Suriname,2003,14618
Americas,South America,Uruguay,2003,96606
Asia,Central Asia,Kyrgyzstan,2003,14383
Asia,Eastern Asia,Hong Kong Special Administrative Region of China,2003,40887
Asia,Eastern Asia,Mongolia,2003,8782
Asia,Eastern Asia,Republic of Korea,2003,187352
Asia,South-Eastern Asia,Brunei Darussalam,2003,898
Asia,South-Eastern Asia,Philippines,2003,9801
Asia,South-Eastern Asia,Singapore,2003,15086
Asia,Southern Asia,Iran (Islamic Republic of),2003,104746
Asia,Southern Asia,Sri Lanka,2003,23398
Asia,Western Asia,Armenia,2003,2831
Asia,Western Asia,Azerbaijan,2003,1820
Asia,Western Asia,Cyprus,2003,1504
Asia,Western Asia,Qatar,2003,754
Asia,Western Asia,State of Palestine,2003,3597
Asia,Western Asia,Syrian Arab Republic,2003,12349
Asia,Western Asia,Turkey,2003,66405
Asia,Western Asia,United Arab Emirates,2003,10802
Europe,Eastern Europe,Belarus,2003,74632
Europe,Eastern Europe,Bulgaria,2003,47148
Europe,Eastern Europe,Czech Republic,2003,141323
Europe,Eastern Europe,Hungary,2003,124782
Europe,Eastern Europe,Poland,2003,281852
Europe,Eastern Europe,Republic of Moldova,2003,14985
Europe,Eastern Europe,Romania,2003,58472
Europe,Eastern Europe,Slovakia,2003,28991
Europe,Eastern Europe,Ukraine,2003,264904
Europe,Northern Europe,Denmark,2003,186157
Europe,Northern Europe,Estonia,2003,34215
Europe,Northern Europe,Finland,2003,141372
Europe,Northern Europe,Iceland,2003,6398
Europe,Northern Europe,Ireland,2003,57870
Europe,Northern Europe,Latvia,2003,23397
Europe,Northern Europe,Lithuania,2003,29199
Europe,Northern Europe,Norway,2003,128162
Europe,Northern Europe,Sweden,2003,389088
Europe,Northern Europe,United Kingdom (England and Wales),2003,2250787
Europe,Northern Europe,United Kingdom (Northern Ireland),2003,30831
Europe,Northern Europe,United Kingdom (Scotland),2003,152123
Europe,Southern Europe,Croatia,2003,29976
Europe,Southern Europe,Greece,2003,68255
Europe,Southern Europe,Italy,2003,1328350
Europe,Southern Europe,Malta,2003,11004
Europe,Southern Europe,Montenegro,2003,1577
Europe,Southern Europe,Portugal,2003,103067
Europe,Southern Europe,Slovenia,2003,25673
Europe,Western Europe,Belgium,2003,225000
Europe,Western Europe,France,2003,835129
Europe,Western Europe,Germany,2003,2482447
Europe,Western Europe,Liechtenstein,2003,169
Europe,Western Europe,Netherlands,2003,858200
Europe,Western Europe,Switzerland,2003,153000
Oceania,Australia and New Zealand,Australia,2003,624036
Africa,Eastern Africa,Kenya,2004,12778
Africa,Eastern Africa,Mauritius,2004,13991
Africa,Eastern Africa,Mozambique,2004,6184
Africa,Eastern Africa,Uganda,2004,35824
Africa,Eastern Africa,Zimbabwe,2004,163601
Africa,Middle Africa,Cameroon,2004,12290
Africa,Northern Africa,Egypt,2004,32240
Africa,Northern Africa,Morocco,2004,65299
Africa,Southern Africa,Eswatini,2004,20851
Americas,Caribbean,Barbados,2004,1268
Americas,Caribbean,St. Vincent and the Grenadines,2004,2017
Americas,Caribbean,Trinidad and Tobago,2004,1937
Americas,Central America,Costa Rica,2004,7839
Americas,Central America,Guatemala,2004,5172
Americas,Central America,Mexico,2004,83143
Americas,Central America,Panama,2004,11873
Americas,Northern America,Bermuda,2004,1003
Americas,Northern America,Canada,2004,690967
Americas,Northern America,United States of America,2004,6937089
Americas,South America,Colombia,2004,55079
Americas,South America,Ecuador,2004,4719
Americas,South America,Peru,2004,57560
Americas,South America,Suriname,2004,13597
Americas,South America,Uruguay,2004,105690
Asia,Central Asia,Kyrgyzstan,2004,12101
Asia,Central Asia,Tajikistan,2004,3331
Asia,Eastern Asia,Hong Kong Special Administrative Region of China,2004,37500
Asia,Eastern Asia,Japan,2004,1061257
Asia,Eastern Asia,Mongolia,2004,7861
Asia,Eastern Asia,Republic of Korea,2004,155311
Asia,South-Eastern Asia,Brunei Darussalam,2004,1052
Asia,South-Eastern Asia,Philippines,2004,10739
Asia,South-Eastern Asia,Singapore,2004,16724
Asia,Southern Asia,India,2004,273045
Asia,Southern Asia,Iran (Islamic Republic of),2004,109839
Asia,Southern Asia,Sri Lanka,2004,26307
Asia,Western Asia,Armenia,2004,2791
Asia,Western Asia,Azerbaijan,2004,1776
Asia,Western Asia,Cyprus,2004,1131
Asia,Western Asia,Georgia,2004,10634
Asia,Western Asia,Israel,2004,135349
Asia,Western Asia,Kuwait,2004,7230
Asia,Western Asia,Qatar,2004,734
Asia,Western Asia,State of Palestine,2004,4660
Asia,Western Asia,Syrian Arab Republic,2004,11544
Asia,Western Asia,Turkey,2004,67406
Asia,Western Asia,United Arab Emirates,2004,11037
Europe,Eastern Europe,Belarus,2004,81438
Europe,Eastern Europe,Bulgaria,2004,47010
Europe,Eastern Europe,Czech Republic,2004,162139
Europe,Eastern Europe,Hungary,2004,129466
Europe,Eastern Europe,Poland,2004,287936
Europe,Eastern Europe,Republic of Moldova,2004,12378
Europe,Eastern Europe,Romania,2004,48065
Europe,Eastern Europe,Russian Federation,2004,1280211
Europe,Eastern Europe,Slovakia,2004,37818
Europe,Eastern Europe,Ukraine,2004,233736
Europe,Northern Europe,Denmark,2004,182444
Europe,Northern Europe,Estonia,2004,31140
Europe,Northern Europe,Finland,2004,131515
Europe,Northern Europe,Iceland,2004,3419
Europe,Northern Europe,Ireland,2004,57832
Europe,Northern Europe,Latvia,2004,31358
Europe,Northern Europe,Lithuania,2004,29137
Europe,Northern Europe,Norway,2004,148289
Europe,Northern Europe,Sweden,2004,384749
Europe,Northern Europe,United Kingdom (England and Wales),2004,1824996
Europe,Northern Europe,United Kingdom (Northern Ireland),2004,27783
Europe,Northern Europe,United Kingdom (Scotland),2004,150005
Europe,Southern Europe,Croatia,2004,30695
Europe,Southern Europe,Greece,2004,56342
Europe,Southern Europe,Italy,2004,1466582
Europe,Southern Europe,Malta,2004,11466
Europe,Southern Europe,Montenegro,2004,1269
Europe,Southern Europe,Portugal,2004,102081
Europe,Southern Europe,Slovenia,2004,28969
Europe,Western Europe,Austria,2004,191663
Europe,Western Europe,Belgium,2004,217948
Europe,Western Europe,France,2004,838153
Europe,Western Europe,Germany,2004,2410100
Europe,Western Europe,Liechtenstein,2004,143
Europe,Western Europe,Netherlands,2004,790300
Europe,Western Europe,Switzerland,2004,165777
Oceania,Australia and New Zealand,Australia,2004,548778
Oceania,Melanesia,Solomon Islands,2004,800
Africa,Eastern Africa,Kenya,2005,12200
Africa,Eastern Africa,Mauritius,2005,14325
Africa,Eastern Africa,Mozambique,2005,5554
Africa,Eastern Africa,Uganda,2005,55059
Africa,Eastern Africa,Zimbabwe,2005,110509
Africa,Middle Africa,Cameroon,2005,12013
Africa,Northern Africa,Egypt,2005,34984
Africa,Northern Africa,Morocco,2005,62094
Americas,Caribbean,Bahamas,2005,1450
Americas,Caribbean,Barbados,2005,1130
Americas,Caribbean,Grenada,2005,1813
Americas,Caribbean,St. Vincent and the Grenadines,2005,1933
Americas,Caribbean,Trinidad and Tobago,2005,2752
Americas,Central America,Belize,2005,1678
Americas,Central America,Costa Rica,2005,8361
Americas,Central America,El Salvador,2005,10720
Americas,Central America,Guatemala,2005,4303
Americas,Central America,Mexico,2005,84827
Americas,Central America,Nicaragua,2005,14512
Americas,Central America,Panama,2005,13978
Americas,Northern America,Canada,2005,655885
Americas,Northern America,United States of America,2005,6783447
Americas,South America,Argentina,2005,303669
Americas,South America,Bolivia (Plurinational State of),2005,3800
Americas,South America,Chile,2005,155270
Americas,South America,Colombia,2005,68739
Americas,South America,Ecuador,2005,5956
Americas,South America,Peru,2005,52435
Asia,Central Asia,Kazakhstan,2005,63141
Asia,Central Asia,Kyrgyzstan,2005,12335
Asia,Central Asia,Tajikistan,2005,3558
Asia,Central Asia,Turkmenistan,2005,1662
Asia,Eastern Asia,Hong Kong Special Administrative Region of China,2005,35213
Asia,Eastern Asia,Japan,2005,923309
Asia,Eastern Asia,Mongolia,2005,6683
Asia,Eastern Asia,Republic of Korea,2005,188780
Asia,South-Eastern Asia,Brunei Darussalam,2005,1202
Asia,South-Eastern Asia,Malaysia,2005,34317
Asia,South-Eastern Asia,Philippines,2005,11167
Asia,South-Eastern Asia,Singapore,2005,21168
Asia,South-Eastern Asia,Thailand,2005,60881
Asia,Southern Asia,Bangladesh,2005,12540
Asia,Southern Asia,India,2005,273111
Asia,Southern Asia,Nepal,2005,513
Asia,Western Asia,Armenia,2005,2463
Asia,Western Asia,Azerbaijan,2005,2151
Asia,Western Asia,Bahrain,2005,9659
Asia,Western Asia,Cyprus,2005,1201
Asia,Western Asia,Georgia,2005,16256
Asia,Western Asia,Israel,2005,125290
Asia,Western Asia,Jordan,2005,7068
Asia,Western Asia,Kuwait,2005,9790
Asia,Western Asia,Qatar,2005,897
Asia,Western Asia,State of Palestine,2005,4378
Asia,Western Asia,Turkey,2005,103753
Europe,Eastern Europe,Belarus,2005,103196
Europe,Eastern Europe,Bulgaria,2005,43119
Europe,Eastern Europe,Czech Republic,2005,154124
Europe,Eastern Europe,Hungary,2005,126253
Europe,Eastern Europe,Poland,2005,278852
Europe,Eastern Europe,Republic of Moldova,2005,11506
Europe,Eastern Europe,Romania,2005,43191
Europe,Eastern Europe,Russian Federation,2005,1572996
Europe,Eastern Europe,Slovakia,2005,18894
Europe,Eastern Europe,Ukraine,2005,186659
Europe,Northern Europe,Denmark,2005,168120
Europe,Northern Europe,Estonia,2005,30452
Europe,Northern Europe,Finland,2005,125081
Europe,Northern Europe,Iceland,2005,3181
Europe,Northern Europe,Ireland,2005,58879
Europe,Northern Europe,Latvia,2005,24287
Europe,Northern Europe,Lithuania,2005,27618
Europe,Northern Europe,Norway,2005,138580
Europe,Northern Europe,Sweden,2005,444825
Europe,Northern Europe,United Kingdom (England and Wales),2005,1804831
Europe,Northern Europe,United Kingdom (Northern Ireland),2005,25851
Europe,Northern Europe,United Kingdom (Scotland),2005,139132
Europe,Southern Europe,Albania,2005,2986
Europe,Southern Europe,Bosnia and Herzegovina,2005,18417
Europe,Southern Europe,Croatia,2005,30398
Europe,Southern Europe,Greece,2005,61652
Europe,Southern Europe,Italy,2005,1097361
Europe,Southern Europe,Malta,2005,9612
Europe,Southern Europe,Montenegro,2005,1540
Europe,Southern Europe,Portugal,2005,91818
Europe,Southern Europe,Serbia,2005,16765
Europe,Southern Europe,Slovenia,2005,29489
Europe,Western Europe,Austria,2005,177025
Europe,Western Europe,Belgium,2005,217373
Europe,Western Europe,France,2005,835057
Europe,Western Europe,Germany,2005,2234472
Europe,Western Europe,Liechtenstein,2005,175
Europe,Western Europe,Monaco,2005,324
Europe,Western Europe,Netherlands,2005,758045
Europe,Western Europe,Switzerland,2005,142420
Oceania,Australia and New Zealand,Australia,2005,518335
Oceania,Australia and New Zealand,New Zealand,2005,127697
Oceania,Melanesia,Solomon Islands,2005,1029
Africa,Eastern Africa,Kenya,2006,10255
Africa,Eastern Africa,Mauritius,2006,13464
Africa,Eastern Africa,Mozambique,2006,4743
Africa,Eastern Africa,Uganda,2006,69618
Africa,Eastern Africa,Zimbabwe,2006,117519
Africa,Middle Africa,Cameroon,2006,13652
Africa,Middle Africa,Sao Tome and Principe,2006,2
Africa,Northern Africa,Algeria,2006,55087
Africa,Northern Africa,Egypt,2006,47441
Africa,Northern Africa,Morocco,2006,73572
Americas,Caribbean,Bahamas,2006,1281
Americas,Caribbean,Barbados,2006,1257
Americas,Caribbean,Grenada,2006,1937
Americas,Caribbean,St. Vincent and the Grenadines,2006,1849
Americas,Caribbean,Trinidad and Tobago,2006,3064
Americas,Central America,Belize,2006,1857
Americas,Central America,Costa Rica,2006,10326
Americas,Central America,El Salvador,2006,11417
Americas,Central America,Guatemala,2006,3875
Americas,Central America,Mexico,2006,85775
Americas,Central America,Nicaragua,2006,17474
Americas,Central America,Panama,2006,17928
Americas,Northern America,Canada,2006,634912
Americas,Northern America,United States of America,2006,6626363
Americas,South America,Argentina,2006,292041
Americas,South America,Bolivia (Plurinational State of),2006,3829
Americas,South America,Brazil,2006,2058942
Americas,South America,Chile,2006,153713
Americas,South America,Colombia,2006,91493
Americas,South America,Ecuador,2006,5968
Americas,South America,Peru,2006,49423
Americas,South America,Uruguay,2006,101985
Asia,Central Asia,Kazakhstan,2006,59338
Asia,Central Asia,Kyrgyzstan,2006,10967
Asia,Central Asia,Tajikistan,2006,3156
Asia,Central Asia,Turkmenistan,2006,1431
Asia,Eastern Asia,Hong Kong Special Administrative Region of China,2006,37089
Asia,Eastern Asia,Japan,2006,811250
Asia,Eastern Asia,Mongolia,2006,6657
Asia,Eastern Asia,Republic of Korea,2006,192555
Asia,South-Eastern Asia,Brunei Darussalam,2006,1136
Asia,South-Eastern Asia,Malaysia,2006,37128
Asia,South-Eastern Asia,Philippines,2006,9985
Asia,South-Eastern Asia,Singapore,2006,19073
Asia,South-Eastern Asia,Thailand,2006,63649
Asia,Southern Asia,Bangladesh,2006,12989
Asia,Southern Asia,India,2006,274354
Asia,Southern Asia,Nepal,2006,540
Asia,Western Asia,Armenia,2006,3090
Asia,Western Asia,Azerbaijan,2006,2139
Asia,Western Asia,Bahrain,2006,8360
Asia,Western Asia,Cyprus,2006,1607
Asia,Western Asia,Georgia,2006,27657
Asia,Western Asia,Israel,2006,114980
Asia,Western Asia,Jordan,2006,8945
Asia,Western Asia,Kuwait,2006,9361
Asia,Western Asia,Qatar,2006,1043
Asia,Western Asia,Turkey,2006,171772
Europe,Eastern Europe,Belarus,2006,104161
Europe,Eastern Europe,Bulgaria,2006,44201
Europe,Eastern Europe,Czech Republic,2006,151136
Europe,Eastern Europe,Hungary,2006,122677
Europe,Eastern Europe,Poland,2006,250180
Europe,Eastern Europe,Republic of Moldova,2006,9419
Europe,Eastern Europe,Romania,2006,41624
Europe,Eastern Europe,Russian Federation,2006,1676983
Europe,Eastern Europe,Slovakia,2006,32711
Europe,Eastern Europe,Ukraine,2006,132159
Europe,Northern Europe,Denmark,2006,165953
Europe,Northern Europe,Estonia,2006,26615
Europe,Northern Europe,Finland,2006,119116
Europe,Northern Europe,Iceland,2006,3457
Europe,Northern Europe,Ireland,2006,60839
Europe,Northern Europe,Latvia,2006,23364
Europe,Northern Europe,Lithuania,2006,24954
Europe,Northern Europe,Norway,2006,133505
Europe,Northern Europe,Sweden,2006,415427
Europe,Northern Europe,United Kingdom (England and Wales),2006,1752433
Europe,Northern Europe,United Kingdom (Northern Ireland),2006,25085
Europe,Northern Europe,United Kingdom (Scotland),2006,122473
Europe,Southern Europe,Albania,2006,2919
Europe,Southern Europe,Bosnia and Herzegovina,2006,18339
Europe,Southern Europe,Croatia,2006,29629
Europe,Southern Europe,Greece,2006,69619
Europe,Southern Europe,Italy,2006,1141941
Europe,Southern Europe,Malta,2006,8657
Europe,Southern Europe,Montenegro,2006,1201
Europe,Southern Europe,Portugal,2006,87915
Europe,Southern Europe,Serbia,2006,16588
Europe,Southern Europe,Slovenia,2006,32719
Europe,Southern Europe,The former Yugoslav Rep. of Macedonia,2006,4669
Europe,Western Europe,Austria,2006,180143
Europe,Western Europe,Belgium,2006,219931
Europe,Western Europe,France,2006,822856
Europe,Western Europe,Germany,2006,2124100
Europe,Western Europe,Liechtenstein,2006,235
Europe,Western Europe,Luxembourg,2006,6533
Europe,Western Europe,Monaco,2006,346
Europe,Western Europe,Netherlands,2006,711085
Europe,Western Europe,Switzerland,2006,131990
Oceania,Australia and New Zealand,Australia,2006,518734
Oceania,Australia and New Zealand,New Zealand,2006,128500
Oceania,Melanesia,Solomon Islands,2006,835
Africa,Eastern Africa,Kenya,2007,10404
Africa,Eastern Africa,Mauritius,2007,15751
Africa,Eastern Africa,Mozambique,2007,5284
Africa,Eastern Africa,Uganda,2007,47204
Africa,Eastern Africa,Zimbabwe,2007,99839
Africa,Middle Africa,Cameroon,2007,9862
Africa,Middle Africa,Sao Tome and Principe,2007,0
Africa,Northern Africa,Algeria,2007,48721
Africa,Northern Africa,Egypt,2007,50138
Africa,Northern Africa,Morocco,2007,79175
Africa,Southern Africa,Lesotho,2007,4759
Africa,Western Africa,Guinea,2007,1348
Africa,Western Africa,Nigeria,2007,21082
Africa,Western Africa,Sierra Leone,2007,10056
Americas,Caribbean,Bahamas,2007,1341
Americas,Caribbean,Barbados,2007,1958
Americas,Caribbean,Grenada,2007,1847
Americas,Caribbean,St. Vincent and the Grenadines,2007,1531
Americas,Caribbean,Trinidad and Tobago,2007,3570
Americas,Central America,Costa Rica,2007,12174
Americas,Central America,El Salvador,2007,8122
Americas,Central America,Guatemala,2007,4131
Americas,Central America,Honduras,2007,5751
Americas,Central America,Mexico,2007,99536
Americas,Central America,Panama,2007,13982
Americas,Northern America,Canada,2007,597504
Americas,Northern America,United States of America,2007,6591542
Americas,South America,Argentina,2007,264797
Americas,South America,Bolivia (Plurinational State of),2007,4292
Americas,South America,Brazil,2007,2021060
Americas,South America,Chile,2007,167893
Americas,South America,Colombia,2007,84131
Americas,South America,Peru,2007,45228
Americas,South America,Uruguay,2007,105629
Asia,Central Asia,Kazakhstan,2007,51497
Asia,Central Asia,Kyrgyzstan,2007,11185
Asia,Central Asia,Tajikistan,2007,3734
Asia,Eastern Asia,Hong Kong Special Administrative Region of China,2007,36762
Asia,Eastern Asia,Japan,2007,744066
Asia,Eastern Asia,Mongolia,2007,7927
Asia,Eastern Asia,Republic of Korea,2007,212342
Asia,South-Eastern Asia,Philippines,2007,8281
Asia,South-Eastern Asia,Singapore,2007,18068
Asia,South-Eastern Asia,Thailand,2007,62000
Asia,Southern Asia,India,2007,285043
Asia,Western Asia,Armenia,2007,2712
Asia,Western Asia,Azerbaijan,2007,1903
Asia,Western Asia,Bahrain,2007,7256
Asia,Western Asia,Cyprus,2007,1667
Asia,Western Asia,Georgia,2007,18586
Asia,Western Asia,Israel,2007,101189
Asia,Western Asia,Jordan,2007,10191
Asia,Western Asia,Kuwait,2007,9792
Asia,Western Asia,Oman,2007,6028
Asia,Western Asia,Syrian Arab Republic,2007,4766
Asia,Western Asia,Turkey,2007,149763
Europe,Eastern Europe,Belarus,2007,103082
Europe,Eastern Europe,Bulgaria,2007,42100
Europe,Eastern Europe,Czech Republic,2007,154207
Europe,Eastern Europe,Hungary,2007,124522
Europe,Eastern Europe,Poland,2007,219820
Europe,Eastern Europe,Republic of Moldova,2007,9724
Europe,Eastern Europe,Romania,2007,44370
Europe,Eastern Europe,Russian Federation,2007,1566970
Europe,Eastern Europe,Slovakia,2007,32383
Europe,Eastern Europe,Ukraine,2007,114665
Europe,Northern Europe,Denmark,2007,176796
Europe,Northern Europe,Estonia,2007,21685
Europe,Northern Europe,Finland,2007,118569
Europe,Northern Europe,Iceland,2007,3093
Europe,Northern Europe,Ireland,2007,61659
Europe,Northern Europe,Latvia,2007,19639
Europe,Northern Europe,Lithuania,2007,23107
Europe,Northern Europe,Norway,2007,130216
Europe,Northern Europe,Sweden,2007,408774
Europe,Northern Europe,United Kingdom (England and Wales),2007,1607601
Europe,Northern Europe,United Kingdom (Northern Ireland),2007,22866
Europe,Northern Europe,United Kingdom (Scotland),2007,115426
Europe,Southern Europe,Albania,2007,2980
Europe,Southern Europe,Andorra,2007,1062
Europe,Southern Europe,Bosnia and Herzegovina,2007,7071
Europe,Southern Europe,Croatia,2007,28701
Europe,Southern Europe,Greece,2007,80988
Europe,Southern Europe,Italy,2007,1169349
Europe,Southern Europe,Malta,2007,8982
Europe,Southern Europe,Montenegro,2007,1065
Europe,Southern Europe,Portugal,2007,88474
Europe,Southern Europe,Serbia,2007,16947
Europe,Southern Europe,Slovenia,2007,29356
Europe,Southern Europe,Spain,2007,137861
Europe,Southern Europe,The former Yugoslav Rep. of Macedonia,2007,5530
Europe,Western Europe,Austria,2007,174366
Europe,Western Europe,Belgium,2007,217051
Europe,Western Europe,France,2007,771021
Europe,Western Europe,Germany,2007,2074326
Europe,Western Europe,Liechtenstein,2007,185
Europe,Western Europe,Luxembourg,2007,6366
Europe,Western Europe,Netherlands,2007,684870
Europe,Western Europe,Switzerland,2007,120775
Oceania,Australia and New Zealand,Australia,2007,491935
Oceania,Australia and New Zealand,New Zealand,2007,122743
Oceania,Melanesia,Solomon Islands,2007,870
Africa,Eastern Africa,Kenya,2008,11012
Africa,Eastern Africa,Mauritius,2008,15209
Africa,Eastern Africa,Mozambique,2008,5016
Africa,Eastern Africa,Uganda,2008,32958
Africa,Eastern Africa,Zimbabwe,2008,91456
Africa,Middle Africa,Sao Tome and Principe,2008,0
Africa,Northern Africa,Algeria,2008,52103
Africa,Northern Africa,Egypt,2008,55420
Africa,Northern Africa,Morocco,2008,79947
Africa,Northern Africa,Sudan,2008,75093
Africa,Southern Africa,Lesotho,2008,4967
Africa,Western Africa,Nigeria,2008,23927
Africa,Western Africa,Sierra Leone,2008,10505
Americas,Caribbean,Bahamas,2008,1540
Americas,Caribbean,Barbados,2008,2159
Americas,Caribbean,Grenada,2008,2079
Americas,Caribbean,Puerto Rico,2008,33113
Americas,Caribbean,St. Vincent and the Grenadines,2008,1729
Americas,Caribbean,Trinidad and Tobago,2008,4407
Americas,Central America,Costa Rica,2008,13685
Americas,Central America,El Salvador,2008,9488
Americas,Central America,Guatemala,2008,4697
Americas,Central America,Honduras,2008,5223
Americas,Central America,Mexico,2008,105398
Americas,Central America,Panama,2008,16608
Americas,Northern America,Canada,2008,569714
Americas,Northern America,United States of America,2008,6586206
Americas,South America,Argentina,2008,284205
Americas,South America,Bolivia (Plurinational State of),2008,4825
Americas,South America,Brazil,2008,1866732
Americas,South America,Chile,2008,175648
Americas,South America,Colombia,2008,74151
Americas,South America,Paraguay,2008,24977
Americas,South America,Peru,2008,47310
Americas,South America,Uruguay,2008,105629
Asia,Central Asia,Kazakhstan,2008,52671
Asia,Central Asia,Kyrgyzstan,2008,10963
Asia,Central Asia,Tajikistan,2008,3233
Asia,Eastern Asia,Hong Kong Special Administrative Region of China,2008,35230
Asia,Eastern Asia,Japan,2008,720609
Asia,Eastern Asia,Macao Special Administrative Region of China,2008,2870
Asia,Eastern Asia,Mongolia,2008,6609
Asia,Eastern Asia,Republic of Korea,2008,223207
Asia,South-Eastern Asia,Indonesia,2008,23518
Asia,South-Eastern Asia,Philippines,2008,8273
Asia,South-Eastern Asia,Singapore,2008,18360
Asia,South-Eastern Asia,Thailand,2008,57452
Asia,Southern Asia,India,2008,316761
Asia,Southern Asia,Maldives,2008,3926
Asia,Southern Asia,Sri Lanka,2008,13211
Asia,Western Asia,Armenia,2008,3216
Asia,Western Asia,Azerbaijan,2008,3347
Asia,Western Asia,Bahrain,2008,7598
Asia,Western Asia,Cyprus,2008,1405
Asia,Western Asia,Georgia,2008,14814
Asia,Western Asia,Iraq (Central Iraq),2008,6206
Asia,Western Asia,Israel,2008,89985
Asia,Western Asia,Jordan,2008,10290
Asia,Western Asia,Kuwait,2008,9399
Asia,Western Asia,Lebanon,2008,25163
Asia,Western Asia,Oman,2008,5515
Asia,Western Asia,State of Palestine,2008,2770
Asia,Western Asia,Syrian Arab Republic,2008,6509
Asia,Western Asia,Turkey,2008,117013
Europe,Eastern Europe,Belarus,2008,87387
Europe,Eastern Europe,Bulgaria,2008,37933
Europe,Eastern Europe,Czech Republic,2008,147292
Europe,Eastern Europe,Hungary,2008,119143
Europe,Eastern Europe,Poland,2008,196745
Europe,Eastern Europe,Republic of Moldova,2008,9642
Europe,Eastern Europe,Romania,2008,39519
Europe,Eastern Europe,Russian Federation,2008,1326342
Europe,Eastern Europe,Slovakia,2008,29608
Europe,Eastern Europe,Ukraine,2008,110954
Europe,Northern Europe,Denmark,2008,190042
Europe,Northern Europe,Estonia,2008,22471
Europe,Northern Europe,Finland,2008,120214
Europe,Northern Europe,Iceland,2008,4332
Europe,Northern Europe,Ireland,2008,62554
Europe,Northern Europe,Latvia,2008,23639
Europe,Northern Europe,Lithuania,2008,27057
Europe,Northern Europe,Norway,2008,126182
Europe,Northern Europe,Sweden,2008,391729
Europe,Northern Europe,United Kingdom (England and Wales),2008,1592758
Europe,Northern Europe,United Kingdom (Northern Ireland),2008,24380
Europe,Northern Europe,United Kingdom (Scotland),2008,117033
Europe,Southern Europe,Albania,2008,3198
Europe,Southern Europe,Andorra,2008,977
Europe,Southern Europe,Bosnia and Herzegovina,2008,6455
Europe,Southern Europe,Croatia,2008,13373
Europe,Southern Europe,Greece,2008,91350
Europe,Southern Europe,Italy,2008,993144
Europe,Southern Europe,Kosovo under UNSCR 1244,2008,15003
Europe,Southern Europe,Malta,2008,8127
Europe,Southern Europe,Montenegro,2008,772
Europe,Southern Europe,Portugal,2008,101682
Europe,Southern Europe,Serbia,2008,15780
Europe,Southern Europe,Slovenia,2008,28183
Europe,Southern Europe,Spain,2008,145329
Europe,Southern Europe,The former Yugoslav Rep. of Macedonia,2008,6046
Europe,Western Europe,Austria,2008,164959
Europe,Western Europe,Belgium,2008,222379
Europe,Western Europe,France,2008,751099
Europe,Western Europe,Germany,2008,1963877
Europe,Western Europe,Liechtenstein,2008,162
Europe,Western Europe,Luxembourg,2008,6677
Europe,Western Europe,Netherlands,2008,682495
Europe,Western Europe,Switzerland,2008,120817
Oceania,Australia and New Zealand,Australia,2008,497053
Oceania,Australia and New Zealand,New Zealand,2008,119587
Oceania,Melanesia,Solomon Islands,2008,878
Africa,Eastern Africa,Kenya,2009,11972
Africa,Eastern Africa,Mauritius,2009,12540
Africa,Eastern Africa,Mozambique,2009,4741
Africa,Eastern Africa,Uganda,2009,27589
Africa,Middle Africa,Cameroon,2009,12865
Africa,Middle Africa,Sao Tome and Principe,2009,5
Africa,Northern Africa,Algeria,2009,52914
Africa,Northern Africa,Egypt,2009,40811
Africa,Northern Africa,Morocco,2009,78397
Africa,Southern Africa,Botswana,2009,21343
Africa,Southern Africa,Lesotho,2009,4497
Africa,Western Africa,Nigeria,2009,39981
Americas,Caribbean,Bahamas,2009,1572
Americas,Caribbean,Barbados,2009,2073
Americas,Caribbean,Grenada,2009,936
Americas,Caribbean,Puerto Rico,2009,30584
Americas,Caribbean,St. Kitts and Nevis,2009,553
Americas,Caribbean,St. Vincent and the Grenadines,2009,1845
Americas,Caribbean,Trinidad and Tobago,2009,3987
Americas,Central America,Belize,2009,1179
Americas,Central America,Costa Rica,2009,17494
Americas,Central America,El Salvador,2009,10152
Americas,Central America,Guatemala,2009,5985
Americas,Central America,Honduras,2009,4905
Americas,Central America,Mexico,2009,132345
Americas,Central America,Panama,2009,18168
Americas,Northern America,Bermuda,2009,729
Americas,Northern America,Canada,2009,574950
Americas,Northern America,United States of America,2009,6338095
Americas,South America,Bolivia (Plurinational State of),2009,5363
Americas,South America,Brazil,2009,1791139
Americas,South America,Chile,2009,191103
Americas,South America,Colombia,2009,93743
Americas,South America,Ecuador,2009,2535
Americas,South America,Paraguay,2009,27898
Americas,South America,Peru,2009,49477
Americas,South America,Uruguay,2009,94508
Asia,Central Asia,Kazakhstan,2009,48961
Asia,Central Asia,Kyrgyzstan,2009,10936
Asia,Central Asia,Tajikistan,2009,3465
Asia,Eastern Asia,Hong Kong Special Administrative Region of China,2009,34554
Asia,Eastern Asia,Japan,2009,658739
Asia,Eastern Asia,Macao Special Administrative Region of China,2009,2915
Asia,Eastern Asia,Mongolia,2009,6376
Asia,Eastern Asia,Republic of Korea,2009,256418
Asia,South-Eastern Asia,Indonesia,2009,25356
Asia,South-Eastern Asia,Myanmar,2009,1898
Asia,South-Eastern Asia,Philippines,2009,101442
Asia,South-Eastern Asia,Singapore,2009,18998
Asia,South-Eastern Asia,Thailand,2009,50412
Asia,Southern Asia,Bhutan,2009,348
Asia,Southern Asia,India,2009,324195
Asia,Southern Asia,Maldives,2009,4008
Asia,Southern Asia,Sri Lanka,2009,11745
Asia,Western Asia,Armenia,2009,3961
Asia,Western Asia,Azerbaijan,2009,3640
Asia,Western Asia,Cyprus,2009,1285
Asia,Western Asia,Georgia,2009,11473
Asia,Western Asia,Iraq (Central Iraq),2009,6494
Asia,Western Asia,Jordan,2009,10662
Asia,Western Asia,Kuwait,2009,8129
Asia,Western Asia,Lebanon,2009,27578
Asia,Western Asia,State of Palestine,2009,2847
Asia,Western Asia,Turkey,2009,144374
Europe,Eastern Europe,Belarus,2009,82340
Europe,Eastern Europe,Bulgaria,2009,39808
Europe,Eastern Europe,Czech Republic,2009,138369
Europe,Eastern Europe,Hungary,2009,117232
Europe,Eastern Europe,Poland,2009,190923
Europe,Eastern Europe,Republic of Moldova,2009,9136
Europe,Eastern Europe,Romania,2009,46431
Europe,Eastern Europe,Russian Federation,2009,1188574
Europe,Eastern Europe,Slovakia,2009,27770
Europe,Eastern Europe,Ukraine,2009,175876
Europe,Northern Europe,Denmark,2009,187179
Europe,Northern Europe,Estonia,2009,23901
Europe,Northern Europe,Finland,2009,124421
Europe,Northern Europe,Iceland,2009,5114
Europe,Northern Europe,Ireland,2009,63902
Europe,Northern Europe,Latvia,2009,27067
Europe,Northern Europe,Lithuania,2009,28412
Europe,Northern Europe,Norway,2009,133420
Europe,Northern Europe,Sweden,2009,385519
Europe,Northern Europe,United Kingdom (England and Wales),2009,1474291
Europe,Northern Europe,United Kingdom (Northern Ireland),2009,25672
Europe,Northern Europe,United Kingdom (Scotland),2009,106587
Europe,Southern Europe,Albania,2009,3073
Europe,Southern Europe,Andorra,2009,1004
Europe,Southern Europe,Bosnia and Herzegovina,2009,5002
Europe,Southern Europe,Croatia,2009,12267
Europe,Southern Europe,Greece,2009,99369
Europe,Southern Europe,Holy See,2009,0
Europe,Southern Europe,Italy,2009,938916
Europe,Southern Europe,Kosovo under UNSCR 1244,2009,13382
Europe,Southern Europe,Malta,2009,6843
Europe,Southern Europe,Montenegro,2009,605
Europe,Southern Europe,Portugal,2009,98660
Europe,Southern Europe,Serbia,2009,14538
Europe,Southern Europe,Slovenia,2009,27980
Europe,Southern Europe,Spain,2009,139750
Europe,Southern Europe,The former Yugoslav Rep. of Macedonia,2009,5137
Europe,Western Europe,Austria,2009,161394
Europe,Western Europe,Belgium,2009,227721
Europe,Western Europe,France,2009,1175378
Europe,Western Europe,Germany,2009,1220994
Europe,Western Europe,Liechtenstein,2009,194
Europe,Western Europe,Luxembourg,2009,6660
Europe,Western Europe,Netherlands,2009,681465
Europe,Western Europe,Switzerland,2009,125068
Oceania,Australia and New Zealand,Australia,2009,478807
Oceania,Australia and New Zealand,New Zealand,2009,123151
Africa,Eastern Africa,Kenya,2010,11986
Africa,Eastern Africa,Madagascar,2010,58
Africa,Eastern Africa,Mauritius,2010,10782
Africa,Eastern Africa,Uganda,2010,23429
Africa,Middle Africa,Cameroon,2010,16419
Africa,Middle Africa,Sao Tome and Principe,2010,16
Africa,Northern Africa,Algeria,2010,51065
Africa,Northern Africa,Egypt,2010,77157
Africa,Southern Africa,Botswana,2010,29716
Africa,Western Africa,Cabo Verde,2010,3751
Africa,Western Africa,Nigeria,2010,20479
Africa,Western Africa,Senegal,2010,2503
Americas,Caribbean,Bahamas,2010,1969
Americas,Caribbean,Barbados,2010,2067
Americas,Caribbean,Grenada,2010,961
Americas,Caribbean,Puerto Rico,2010,26773
Americas,Caribbean,St. Kitts and Nevis,2010,533
Americas,Caribbean,St. Vincent and the Grenadines,2010,1901
Americas,Caribbean,Trinidad and Tobago,2010,4089
Americas,Central America,Belize,2010,836
Americas,Central America,Costa Rica,2010,20247
Americas,Central America,El Salvador,2010,9676
Americas,Central America,Guatemala,2010,6513
Americas,Central America,Honduras,2010,4478
Americas,Central America,Mexico,2010,132068
Americas,Central America,Nicaragua,2010,10453
Americas,Central America,Panama,2010,18262
Americas,Northern America,Bermuda,2010,608
Americas,Northern America,Canada,2010,544231
Americas,Northern America,United States of America,2010,6204601
Americas,South America,Bolivia (Plurinational State of),2010,5050
Americas,South America,Brazil,2010,1382710
Americas,South America,Chile,2010,186982
Americas,South America,Colombia,2010,91823
Americas,South America,Ecuador,2010,5020
Americas,South America,Guyana,2010,3906
Americas,South America,Paraguay,2010,31182
Americas,South America,Peru,2010,55828
Americas,South America,Uruguay,2010,95269
Asia,Central Asia,Kazakhstan,2010,59988
Asia,Central Asia,Kyrgyzstan,2010,9886
Asia,Central Asia,Tajikistan,2010,3559
Asia,Eastern Asia,Hong Kong Special Administrative Region of China,2010,34343
Asia,Eastern Asia,Japan,2010,618088
Asia,Eastern Asia,Macao Special Administrative Region of China,2010,2812
Asia,Eastern Asia,Mongolia,2010,5777
Asia,Eastern Asia,Republic of Korea,2010,269410
Asia,South-Eastern Asia,Indonesia,2010,24456
Asia,South-Eastern Asia,Myanmar,2010,1723
Asia,South-Eastern Asia,Philippines,2010,72947
Asia,South-Eastern Asia,Singapore,2010,18274
Asia,South-Eastern Asia,Thailand,2010,54330
Asia,Southern Asia,Bhutan,2010,489
Asia,Southern Asia,India,2010,330312
Asia,Southern Asia,Maldives,2010,4001
Asia,Southern Asia,Pakistan,2010,49243
Asia,Southern Asia,Sri Lanka,2010,12681
Asia,Western Asia,Armenia,2010,3664
Asia,Western Asia,Azerbaijan,2010,3868
Asia,Western Asia,Cyprus,2010,1670
Asia,Western Asia,Georgia,2010,11371
Asia,Western Asia,Iraq (Central Iraq),2010,8169
Asia,Western Asia,Israel,2010,72341
Asia,Western Asia,Jordan,2010,12200
Asia,Western Asia,Lebanon,2010,28715
Asia,Western Asia,State of Palestine,2010,2743
Asia,Western Asia,Turkey,2010,179586
Europe,Eastern Europe,Belarus,2010,73590
Europe,Eastern Europe,Bulgaria,2010,50479
Europe,Eastern Europe,Czech Republic,2010,126311
Europe,Eastern Europe,Hungary,2010,134196
Europe,Eastern Europe,Poland,2010,203916
Europe,Eastern Europe,Republic of Moldova,2010,13646
Europe,Eastern Europe,Romania,2010,48828
Europe,Eastern Europe,Russian Federation,2010,1108369
Europe,Eastern Europe,Slovakia,2010,24464
Europe,Eastern Europe,Ukraine,2010,254755
Europe,Northern Europe,Denmark,2010,241703
Europe,Northern Europe,Estonia,2010,25253
Europe,Northern Europe,Finland,2010,99434
Europe,Northern Europe,Iceland,2010,4920
Europe,Northern Europe,Ireland,2010,65416
Europe,Northern Europe,Latvia,2010,25659
Europe,Northern Europe,Lithuania,2010,26530
Europe,Northern Europe,Norway,2010,126685
Europe,Northern Europe,Sweden,2010,367965
Europe,Northern Europe,United Kingdom (England and Wales),2010,1478601
Europe,Northern Europe,United Kingdom (Northern Ireland),2010,23579
Europe,Northern Europe,United Kingdom (Scotland),2010,107894
Europe,Southern Europe,Albania,2010,3978
Europe,Southern Europe,Andorra,2010,1117
Europe,Southern Europe,Bosnia and Herzegovina,2010,11362
Europe,Southern Europe,Croatia,2010,13575
Europe,Southern Europe,Greece,2010,118518
Europe,Southern Europe,Holy See,2010,0
Europe,Southern Europe,Italy,2010,944025
Europe,Southern Europe,Kosovo under UNSCR 1244,2010,15234
Europe,Southern Europe,Malta,2010,7769
Europe,Southern Europe,Montenegro,2010,530
Europe,Southern Europe,Portugal,2010,95064
Europe,Southern Europe,Serbia,2010,15912
Europe,Southern Europe,Slovenia,2010,28911
Europe,Southern Europe,Spain,2010,144618
Europe,Southern Europe,The former Yugoslav Rep. of Macedonia,2010,4896
Europe,Western Europe,Austria,2010,155857
Europe,Western Europe,Belgium,2010,228355
Europe,Western Europe,France,2010,1172553
Europe,Western Europe,Germany,2010,1219983
Europe,Western Europe,Liechtenstein,2010,174
Europe,Western Europe,Luxembourg,2010,7218
Europe,Western Europe,Netherlands,2010,662105
Europe,Western Europe,Switzerland,2010,161278
Oceania,Australia and New Zealand,Australia,2010,477265
Oceania,Australia and New Zealand,New Zealand,2010,116941
Africa,Eastern Africa,Kenya,2011,13797
Africa,Eastern Africa,Madagascar,2011,48
Africa,Eastern Africa,Mauritius,2011,9146
Africa,Eastern Africa,Uganda,2011,21672
Africa,Middle Africa,Cameroon,2011,17759
Africa,Middle Africa,Sao Tome and Principe,2011,20
Africa,Northern Africa,Algeria,2011,53202
Africa,Northern Africa,Egypt,2011,87129
Africa,Southern Africa,Botswana,2011,25291
Africa,Western Africa,Cabo Verde,2011,3924
Americas,Caribbean,Bahamas,2011,1969
Americas,Caribbean,Barbados,2011,2338
Americas,Caribbean,Grenada,2011,1304
Americas,Caribbean,Puerto Rico,2011,29273
Americas,Caribbean,St. Kitts and Nevis,2011,491
Americas,Caribbean,St. Vincent and the Grenadines,2011,2312
Americas,Caribbean,Trinidad and Tobago,2011,3118
Americas,Central America,Belize,2011,932
Americas,Central America,Costa Rica,2011,20512
Americas,Central America,El Salvador,2011,10871
Americas,Central America,Guatemala,2011,8122
Americas,Central America,Honduras,2011,4066
Americas,Central America,Mexico,2011,135171
Americas,Central America,Panama,2011,18435
Americas,Northern America,Bermuda,2011,588
Americas,Northern America,Canada,2011,515591
Americas,Northern America,United States of America,2011,6151095
Americas,South America,Bolivia (Plurinational State of),2011,4520
Americas,South America,Brazil,2011,1240590
Americas,South America,Chile,2011,208131
Americas,South America,Colombia,2011,101122
Americas,South America,Ecuador,2011,11714
Americas,South America,Guyana,2011,1909
Americas,South America,Paraguay,2011,33749
Americas,South America,Peru,2011,62383
Americas,South America,Uruguay,2011,97573
Asia,Central Asia,Kazakhstan,2011,121617
Asia,Central Asia,Kyrgyzstan,2011,12008
Asia,Central Asia,Tajikistan,2011,3669
Asia,Eastern Asia,Hong Kong Special Administrative Region of China,2011,35026
Asia,Eastern Asia,Japan,2011,582767
Asia,Eastern Asia,Macao Special Administrative Region of China,2011,3250
Asia,Eastern Asia,Mongolia,2011,5276
Asia,Eastern Asia,Republic of Korea,2011,281359
Asia,South-Eastern Asia,Indonesia,2011,26742
Asia,South-Eastern Asia,Myanmar,2011,1802
Asia,South-Eastern Asia,Philippines,2011,56349
Asia,South-Eastern Asia,Singapore,2011,17251
Asia,South-Eastern Asia,Thailand,2011,45030
Asia,Southern Asia,Bhutan,2011,494
Asia,Southern Asia,India,2011,340800
Asia,Southern Asia,Maldives,2011,4734
Asia,Southern Asia,Pakistan,2011,51568
Asia,Southern Asia,Sri Lanka,2011,11835
Asia,Western Asia,Armenia,2011,4207
Asia,Western Asia,Azerbaijan,2011,5019
Asia,Western Asia,Cyprus,2011,1687
Asia,Western Asia,Iraq (Central Iraq),2011,9917
Asia,Western Asia,Israel,2011,70809
Asia,Western Asia,Jordan,2011,13994
Asia,Western Asia,Lebanon,2011,32775
Asia,Western Asia,State of Palestine,2011,2297
Asia,Western Asia,Turkey,2011,182401
Europe,Eastern Europe,Belarus,2011,73598
Europe,Eastern Europe,Bulgaria,2011,47323
Europe,Eastern Europe,Czech Republic,2011,124274
Europe,Eastern Europe,Hungary,2011,129749
Europe,Eastern Europe,Poland,2011,230247
Europe,Eastern Europe,Republic of Moldova,2011,15060
Europe,Eastern Europe,Romania,2011,47322
Europe,Eastern Europe,Russian Federation,2011,1038566
Europe,Eastern Europe,Slovakia,2011,22505
Europe,Northern Europe,Denmark,2011,244099
Europe,Northern Europe,Estonia,2011,20175
Europe,Northern Europe,Finland,2011,100501
Europe,Northern Europe,Iceland,2011,4203
Europe,Northern Europe,Ireland,2011,66581
Europe,Northern Europe,Lithuania,2011,27299
Europe,Northern Europe,Norway,2011,125937
Europe,Northern Europe,Sweden,2011,380558
Europe,Northern Europe,United Kingdom (England and Wales),2011,1481675
Europe,Northern Europe,United Kingdom (Northern Ireland),2011,24480
Europe,Northern Europe,United Kingdom (Scotland),2011,108956
Europe,Southern Europe,Albania,2011,4621
Europe,Southern Europe,Andorra,2011,1063
Europe,Southern Europe,Bosnia and Herzegovina,2011,6737
Europe,Southern Europe,Croatia,2011,15929
Europe,Southern Europe,Greece,2011,129148
Europe,Southern Europe,Holy See,2011,0
Europe,Southern Europe,Italy,2011,1038883
Europe,Southern Europe,Kosovo under UNSCR 1244,2011,17141
Europe,Southern Europe,Malta,2011,8520
Europe,Southern Europe,Montenegro,2011,673
Europe,Southern Europe,Portugal,2011,98398
Europe,Southern Europe,Serbia,2011,17529
Europe,Southern Europe,Slovenia,2011,30677
Europe,Southern Europe,Spain,2011,155122
Europe,Southern Europe,The former Yugoslav Rep. of Macedonia,2011,5065
Europe,Western Europe,Austria,2011,149614
Europe,Western Europe,Belgium,2011,242399
Europe,Western Europe,France,2011,1163793
Europe,Western Europe,Germany,2011,1276065
Europe,Western Europe,Liechtenstein,2011,184
Europe,Western Europe,Luxembourg,2011,8775
Europe,Western Europe,Netherlands,2011,669680
Europe,Western Europe,Switzerland,2011,189520
Oceania,Australia and New Zealand,Australia,2011,501295
Oceania,Australia and New Zealand,New Zealand,2011,114718
Africa,Eastern Africa,Burundi,2012,868
Africa,Eastern Africa,Kenya,2012,14111
Africa,Eastern Africa,Madagascar,2012,61
Africa,Eastern Africa,Uganda,2012,20649
Africa,Eastern Africa,United Republic of Tanzania,2012,537
Africa,Middle Africa,Cameroon,2012,15752
Africa,Northern Africa,Algeria,2012,39787
Africa,Northern Africa,Morocco,2012,96321
Africa,Western Africa,Cabo Verde,2012,3767
Africa,Western Africa,Nigeria,2012,22626
Americas,Caribbean,Bahamas,2012,1985
Americas,Caribbean,Barbados,2012,2376
Americas,Caribbean,Dominican Republic,2012,10047
Americas,Caribbean,Grenada,2012,1536
Americas,Caribbean,Jamaica,2012,3188
Americas,Caribbean,Puerto Rico,2012,30545
Americas,Caribbean,St. Vincent and the Grenadines,2012,2103
Americas,Caribbean,Trinidad and Tobago,2012,3589
Americas,Central America,Belize,2012,822
Americas,Central America,Costa Rica,2012,14386
Americas,Central America,El Salvador,2012,10254
Americas,Central America,Guatemala,2012,9112
Americas,Central America,Honduras,2012,5010
Americas,Central America,Mexico,2012,92659
Americas,Central America,Panama,2012,20304
Americas,Northern America,Bermuda,2012,559
Americas,Northern America,Canada,2012,514920
Americas,Northern America,United States of America,2012,6168874
Americas,South America,Bolivia (Plurinational State of),2012,5200
Americas,South America,Brazil,2012,1425070
Americas,South America,Chile,2012,191095
Americas,South America,Colombia,2012,126463
Americas,South America,Ecuador,2012,15975
Americas,South America,Guyana,2012,1669
Americas,South America,Paraguay,2012,36343
Americas,South America,Peru,2012,76111
Americas,South America,Uruguay,2012,96827
Asia,Central Asia,Kazakhstan,2012,178461
Asia,Central Asia,Kyrgyzstan,2012,10848
Asia,Eastern Asia,Hong Kong Special Administrative Region of China,2012,33664
Asia,Eastern Asia,Japan,2012,546088
Asia,Eastern Asia,Macao Special Administrative Region of China,2012,2970
Asia,Eastern Asia,Mongolia,2012,6266
Asia,Eastern Asia,Republic of Korea,2012,290055
Asia,South-Eastern Asia,Indonesia,2012,25036
Asia,South-Eastern Asia,Myanmar,2012,2316
Asia,South-Eastern Asia,Philippines,2012,43606
Asia,South-Eastern Asia,Singapore,2012,17462
Asia,South-Eastern Asia,Thailand,2012,45183
Asia,Southern Asia,Bhutan,2012,494
Asia,Southern Asia,India,2012,337407
Asia,Southern Asia,Maldives,2012,6571
Asia,Southern Asia,Pakistan,2012,49148
Asia,Southern Asia,Sri Lanka,2012,11704
Asia,Western Asia,Armenia,2012,4019
Asia,Western Asia,Azerbaijan,2012,4236
Asia,Western Asia,Cyprus,2012,1550
Asia,Western Asia,Iraq (Central Iraq),2012,10858
Asia,Western Asia,Jordan,2012,13509
Asia,Western Asia,Lebanon,2012,34426
Asia,Western Asia,State of Palestine,2012,1946
Asia,Western Asia,Turkey,2012,208913
Asia,Western Asia,United Arab Emirates,2012,14984
Europe,Eastern Europe,Belarus,2012,56378
Europe,Eastern Europe,Bulgaria,2012,44462
Europe,Eastern Europe,Czech Republic,2012,119367
Europe,Eastern Europe,Hungary,2012,130299
Europe,Eastern Europe,Poland,2012,230751
Europe,Eastern Europe,Republic of Moldova,2012,14294
Europe,Eastern Europe,Romania,2012,56732
Europe,Eastern Europe,Russian Federation,2012,992238
Europe,Eastern Europe,Slovakia,2012,20837
Europe,Northern Europe,Denmark,2012,238367
Europe,Northern Europe,Estonia,2012,18628
Europe,Northern Europe,Finland,2012,95737
Europe,Northern Europe,Iceland,2012,4147
Europe,Northern Europe,Ireland,2012,67954
Europe,Northern Europe,Latvia,2012,21341
Europe,Northern Europe,Lithuania,2012,23478
Europe,Northern Europe,Norway,2012,133492
Europe,Northern Europe,Sweden,2012,379494
Europe,Northern Europe,United Kingdom (England and Wales),2012,1361329
Europe,Northern Europe,United Kingdom (Northern Ireland),2012,23824
Europe,Northern Europe,United Kingdom (Scotland),2012,94551
Europe,Southern Europe,Albania,2012,5344
Europe,Southern Europe,Andorra,2012,1007
Europe,Southern Europe,Bosnia and Herzegovina,2012,6675
Europe,Southern Europe,Croatia,2012,17248
Europe,Southern Europe,Greece,2012,119078
Europe,Southern Europe,Holy See,2012,0
Europe,Southern Europe,Italy,2012,1066669
Europe,Southern Europe,Kosovo under UNSCR 1244,2012,16292
Europe,Southern Europe,Malta,2012,8690
Europe,Southern Europe,Montenegro,2012,857
Europe,Southern Europe,Portugal,2012,102271
Europe,Southern Europe,Serbia,2012,17900
Europe,Southern Europe,Slovenia,2012,33905
Europe,Southern Europe,Spain,2012,165297
Europe,Southern Europe,The former Yugoslav Rep. of Macedonia,2012,5663
Europe,Western Europe,Austria,2012,150965
Europe,Western Europe,Belgium,2012,237921
Europe,Western Europe,France,2012,1173885
Europe,Western Europe,Germany,2012,1267576
Europe,Western Europe,Liechtenstein,2012,197
Europe,Western Europe,Luxembourg,2012,9243
Europe,Western Europe,Netherlands,2012,652250
Europe,Western Europe,Switzerland,2012,200647
Oceania,Australia and New Zealand,Australia,2012,512352
Oceania,Australia and New Zealand,New Zealand,2012,101669
Africa,Eastern Africa,Burundi,2013,679
Africa,Eastern Africa,Kenya,2013,301
Africa,Eastern Africa,Madagascar,2013,62
Africa,Eastern Africa,Uganda,2013,18146
Africa,Eastern Africa,United Republic of Tanzania,2013,885
Africa,Middle Africa,Cameroon,2013,25027
Africa,Northern Africa,Algeria,2013,54619
Africa,Northern Africa,Morocco,2013,107824
Africa,Western Africa,Cabo Verde,2013,3796
Africa,Western Africa,Nigeria,2013,24068
Americas,Caribbean,Barbados,2013,1855
Americas,Caribbean,Dominican Republic,2013,182
Americas,Caribbean,Grenada,2013,1281
Americas,Caribbean,Jamaica,2013,532
Americas,Caribbean,Puerto Rico,2013,29360
Americas,Caribbean,Trinidad and Tobago,2013,2603
Americas,Central America,Belize,2013,933
Americas,Central America,Costa Rica,2013,32785
Americas,Central America,El Salvador,2013,9268
Americas,Central America,Guatemala,2013,48949
Americas,Central America,Honduras,2013,2536
Americas,Central America,Mexico,2013,314792
Americas,Central America,Panama,2013,20587
Americas,Northern America,Bermuda,2013,1275
Americas,Northern America,Canada,2013,486562
Americas,Northern America,United States of America,2013,6019500
Americas,South America,Brazil,2013,1784745
Americas,South America,Chile,2013,189844
Americas,South America,Colombia,2013,75998
Americas,South America,Ecuador,2013,19093
Americas,South America,Guyana,2013,2898
Americas,South America,Paraguay,2013,38719
Americas,South America,Peru,2013,83308
Americas,South America,Uruguay,2013,97465
Asia,Central Asia,Kazakhstan,2013,210204
Asia,Central Asia,Kyrgyzstan,2013,9975
Asia,Eastern Asia,Hong Kong Special Administrative Region of China,2013,31598
Asia,Eastern Asia,Japan,2013,497676
Asia,Eastern Asia,Macao Special Administrative Region of China,2013,3006
Asia,Eastern Asia,Mongolia,2013,7884
Asia,Eastern Asia,Republic of Korea,2013,288343
Asia,South-Eastern Asia,Indonesia,2013,25593
Asia,South-Eastern Asia,Myanmar,2013,2704
Asia,South-Eastern Asia,Philippines,2013,124168
Asia,South-Eastern Asia,Singapore,2013,16528
Asia,South-Eastern Asia,Thailand,2013,43654
Asia,Southern Asia,Bhutan,2013,577
Asia,Southern Asia,India,2013,372622
Asia,Southern Asia,Maldives,2013,6683
Asia,Southern Asia,Pakistan,2013,45494
Asia,Southern Asia,Sri Lanka,2013,11449
Asia,Western Asia,Armenia,2013,4659
Asia,Western Asia,Azerbaijan,2013,5144
Asia,Western Asia,Cyprus,2013,1245
Asia,Western Asia,Iraq (Central Iraq),2013,10655
Asia,Western Asia,Lebanon,2013,32550
Asia,Western Asia,Turkey,2013,234474
Asia,Western Asia,United Arab Emirates,2013,2385
Europe,Eastern Europe,Belarus,2013,46356
Europe,Eastern Europe,Bulgaria,2013,45256
Europe,Eastern Europe,Czech Republic,2013,125573
Europe,Eastern Europe,Hungary,2013,124276
Europe,Eastern Europe,Poland,2013,212143
Europe,Eastern Europe,Republic of Moldova,2013,15378
Europe,Eastern Europe,Romania,2013,57557
Europe,Eastern Europe,Russian Federation,2013,801911
Europe,Eastern Europe,Slovakia,2013,20708
Europe,Northern Europe,Denmark,2013,269086
Europe,Northern Europe,Estonia,2013,16465
Europe,Northern Europe,Finland,2013,128169
Europe,Northern Europe,Iceland,2013,4102
Europe,Northern Europe,Ireland,2013,78737
Europe,Northern Europe,Latvia,2013,20623
Europe,Northern Europe,Lithuania,2013,27952
Europe,Northern Europe,Norway,2013,145940
Europe,Northern Europe,Sweden,2013,410762
Europe,Northern Europe,United Kingdom (England and Wales),2013,1326649
Europe,Northern Europe,United Kingdom (Northern Ireland),2013,27289
Europe,Northern Europe,United Kingdom (Scotland),2013,101870
Europe,Southern Europe,Albania,2013,5255
Europe,Southern Europe,Andorra,2013,1001
Europe,Southern Europe,Bosnia and Herzegovina,2013,6477
Europe,Southern Europe,Croatia,2013,14051
Europe,Southern Europe,Greece,2013,103674
Europe,Southern Europe,Holy See,2013,0
Europe,Southern Europe,Italy,2013,1099853
Europe,Southern Europe,Kosovo under UNSCR 1244,2013,16962
Europe,Southern Europe,Malta,2013,8469
Europe,Southern Europe,Montenegro,2013,739
Europe,Southern Europe,Portugal,2013,94902
Europe,Southern Europe,Serbia,2013,30882
Europe,Southern Europe,Slovenia,2013,34942
Europe,Southern Europe,Spain,2013,163464
Europe,Southern Europe,The former Yugoslav Rep. of Macedonia,2013,5530
Europe,Western Europe,Austria,2013,154002
Europe,Western Europe,Belgium,2013,224109
Europe,Western Europe,France,2013,1390001
Europe,Western Europe,Germany,2013,1289071
Europe,Western Europe,Liechtenstein,2013,233
Europe,Western Europe,Luxembourg,2013,10334
Europe,Western Europe,Netherlands,2013,391946
Europe,Western Europe,Switzerland,2013,194561
Oceania,Australia and New Zealand,Australia,2013,546048
Oceania,Australia and New Zealand,New Zealand,2013,101814
Africa,Eastern Africa,Burundi,2014,807
Africa,Eastern Africa,Kenya,2014,1239
Africa,Eastern Africa,Madagascar,2014,195
Africa,Eastern Africa,Uganda,2014,17059
Africa,Eastern Africa,United Republic of Tanzania,2014,1043
Africa,Middle Africa,Cameroon,2014,25270
Africa,Northern Africa,Algeria,2014,46695
Africa,Southern Africa,Botswana,2014,29656
Africa,Western Africa,Cabo Verde,2014,3996
Americas,Caribbean,Barbados,2014,1958
Americas,Caribbean,Dominican Republic,2014,801
Americas,Caribbean,Grenada,2014,1348
Americas,Caribbean,Jamaica,2014,447
Americas,Caribbean,Puerto Rico,2014,28948
Americas,Caribbean,Trinidad and Tobago,2014,2364
Americas,Central America,Belize,2014,826
Americas,Central America,El Salvador,2014,7533
Americas,Central America,Guatemala,2014,45476
Americas,Central America,Honduras,2014,3001
Americas,Central America,Mexico,2014,314337
Americas,Central America,Panama,2014,21252
Americas,Northern America,Bermuda,2014,1466
Americas,Northern America,Canada,2014,487161
Americas,Northern America,United States of America,2014,5809100
Americas,South America,Argentina,2014,287063
Americas,South America,Chile,2014,193914
Americas,South America,Colombia,2014,74111
Americas,South America,Ecuador,2014,24300
Americas,South America,Paraguay,2014,38704
Americas,South America,Peru,2014,89599
Americas,South America,Uruguay,2014,101683
Asia,Central Asia,Kazakhstan,2014,207002
Asia,Central Asia,Kyrgyzstan,2014,9029
Asia,Eastern Asia,Japan,2014,451648
Asia,Eastern Asia,Macao Special Administrative Region of China,2014,2703
Asia,Eastern Asia,Mongolia,2014,8424
Asia,Eastern Asia,Republic of Korea,2014,266222
Asia,South-Eastern Asia,Indonesia,2014,24538
Asia,South-Eastern Asia,Myanmar,2014,2964
Asia,South-Eastern Asia,Philippines,2014,112857
Asia,South-Eastern Asia,Singapore,2014,16182
Asia,South-Eastern Asia,Thailand,2014,39898
Asia,Southern Asia,Bhutan,2014,532
Asia,Southern Asia,Pakistan,2014,42747
Asia,Southern Asia,Sri Lanka,2014,10980
Asia,Western Asia,Armenia,2014,4620
Asia,Western Asia,Azerbaijan,2014,5861
Asia,Western Asia,Cyprus,2014,966
Asia,Western Asia,Georgia,2014,9558
Asia,Western Asia,Iraq (Central Iraq),2014,10456
Asia,Western Asia,Lebanon,2014,28411
Asia,Western Asia,Turkey,2014,214204
Asia,Western Asia,United Arab Emirates,2014,6541
Europe,Eastern Europe,Belarus,2014,40528
Europe,Eastern Europe,Bulgaria,2014,41246
Europe,Eastern Europe,Czech Republic,2014,103708
Europe,Eastern Europe,Hungary,2014,106939
Europe,Eastern Europe,Poland,2014,168577
Europe,Eastern Europe,Republic of Moldova,2014,16729
Europe,Eastern Europe,Romania,2014,164396
Europe,Eastern Europe,Russian Federation,2014,802163
Europe,Eastern Europe,Slovakia,2014,18568
Europe,Northern Europe,Denmark,2014,250773
Europe,Northern Europe,Estonia,2014,15738
Europe,Northern Europe,Finland,2014,127342
Europe,Northern Europe,Iceland,2014,3670
Europe,Northern Europe,Ireland,2014,77697
Europe,Northern Europe,Latvia,2014,20578
Europe,Northern Europe,Lithuania,2014,27895
Europe,Northern Europe,Norway,2014,132018
Europe,Northern Europe,Sweden,2014,413389
Europe,Northern Europe,United Kingdom (England and Wales),2014,1267915
Europe,Northern Europe,United Kingdom (Northern Ireland),2014,26831
Europe,Northern Europe,United Kingdom (Scotland),2014,95021
Europe,Southern Europe,Albania,2014,7961
Europe,Southern Europe,Andorra,2014,936
Europe,Southern Europe,Bosnia and Herzegovina,2014,5931
Europe,Southern Europe,Croatia,2014,12043
Europe,Southern Europe,Greece,2014,94082
Europe,Southern Europe,Holy See,2014,0
Europe,Southern Europe,Italy,2014,1121757
Europe,Southern Europe,Kosovo under UNSCR 1244,2014,15607
Europe,Southern Europe,Malta,2014,8198
Europe,Southern Europe,Montenegro,2014,892
Europe,Southern Europe,Portugal,2014,91041
Europe,Southern Europe,Serbia,2014,26755
Europe,Southern Europe,Slovenia,2014,30103
Europe,Southern Europe,Spain,2014,155253
Europe,Southern Europe,The former Yugoslav Rep. of Macedonia,2014,4983
Europe,Western Europe,Austria,2014,148263
Europe,Western Europe,Belgium,2014,208443
Europe,Western Europe,France,2014,1429398
Europe,Western Europe,Germany,2014,1322144
Europe,Western Europe,Liechtenstein,2014,214
Europe,Western Europe,Luxembourg,2014,10259
Europe,Western Europe,Monaco,2014,605
Europe,Western Europe,Netherlands,2014,365371
Europe,Western Europe,Switzerland,2014,171872
Oceania,Australia and New Zealand,Australia,2014,535556
Africa,Eastern Africa,Kenya,2015,1111
Africa,Eastern Africa,Madagascar,2015,222
Africa,Eastern Africa,United Republic of Tanzania,2015,179
Africa,Middle Africa,Cameroon,2015,16290
Africa,Northern Africa,Algeria,2015,49571
Africa,Northern Africa,Morocco,2015,48597
Africa,Western Africa,Cabo Verde,2015,4161
Africa,Western Africa,Senegal,2015,2503
Americas,Caribbean,Barbados,2015,1694
Americas,Caribbean,Dominican Republic,2015,1117
Americas,Caribbean,Grenada,2015,2081
Americas,Caribbean,Jamaica,2015,335
Americas,Caribbean,Puerto Rico,2015,24493
Americas,Caribbean,Trinidad and Tobago,2015,1870
Americas,Central America,Belize,2015,789
Americas,Central America,El Salvador,2015,8539
Americas,Central America,Guatemala,2015,47148
Americas,Central America,Honduras,2015,2911
Americas,Central America,Mexico,2015,265023
Americas,Central America,Panama,2015,18877
Americas,Northern America,Bermuda,2015,1409
Americas,Northern America,Canada,2015,502620
Americas,Northern America,United States of America,2015,5723500
Americas,South America,Argentina,2015,271921
Americas,South America,Chile,2015,185542
Americas,South America,Colombia,2015,78595
Americas,South America,Ecuador,2015,33572
Americas,South America,Guyana,2015,5171
Americas,South America,Paraguay,2015,38025
Americas,South America,Peru,2015,94480
Americas,South America,Uruguay,2015,104443
Asia,Central Asia,Kazakhstan,2015,208907
Asia,Central Asia,Kyrgyzstan,2015,9894
Asia,Eastern Asia,Japan,2015,411350
Asia,Eastern Asia,Macao Special Administrative Region of China,2015,2647
Asia,Eastern Asia,Mongolia,2015,9169
Asia,Eastern Asia,Republic of Korea,2015,245853
Asia,South-Eastern Asia,Indonesia,2015,26298
Asia,South-Eastern Asia,Myanmar,2015,2925
Asia,South-Eastern Asia,Philippines,2015,82751
Asia,South-Eastern Asia,Singapore,2015,15207
Asia,South-Eastern Asia,Thailand,2015,39371
Asia,Southern Asia,Pakistan,2015,38902
Asia,Southern Asia,Sri Lanka,2015,6425
Asia,Western Asia,Armenia,2015,5365
Asia,Western Asia,Cyprus,2015,918
Asia,Western Asia,Lebanon,2015,25030
Asia,Western Asia,Turkey,2015,213310
Asia,Western Asia,United Arab Emirates,2015,6211
Europe,Eastern Europe,Bulgaria,2015,38315
Europe,Eastern Europe,Czech Republic,2015,84793
Europe,Eastern Europe,Hungary,2015,111326
Europe,Eastern Europe,Poland,2015,145228
Europe,Eastern Europe,Romania,2015,108439
Europe,Eastern Europe,Russian Federation,2015,1111925
Europe,Eastern Europe,Slovakia,2015,24091
Europe,Northern Europe,Denmark,2015,225868
Europe,Northern Europe,Estonia,2015,11354
Europe,Northern Europe,Finland,2015,122226
Europe,Northern Europe,Iceland,2015,4032
Europe,Northern Europe,Ireland,2015,75864
Europe,Northern Europe,Latvia,2015,19387
Europe,Northern Europe,Lithuania,2015,22783
Europe,Northern Europe,Norway,2015,114828
Europe,Northern Europe,Sweden,2015,399646
Europe,Northern Europe,United Kingdom (England and Wales),2015,1263346
Europe,Northern Europe,United Kingdom (Northern Ireland),2015,25714
Europe,Northern Europe,United Kingdom (Scotland),2015,86748
Europe,Southern Europe,Albania,2015,7187
Europe,Southern Europe,Andorra,2015,1046
Europe,Southern Europe,Bosnia and Herzegovina,2015,4874
Europe,Southern Europe,Croatia,2015,13547
Europe,Southern Europe,Greece,2015,100805
Europe,Southern Europe,Holy See,2015,0
Europe,Southern Europe,Italy,2015,1045374
Europe,Southern Europe,Kosovo under UNSCR 1244,2015,12295
Europe,Southern Europe,Malta,2015,8653
Europe,Southern Europe,Montenegro,2015,827
Europe,Southern Europe,Portugal,2015,86417
Europe,Southern Europe,Serbia,2015,24483
Europe,Southern Europe,Slovenia,2015,22798
Europe,Southern Europe,Spain,2015,205751
Europe,Western Europe,Austria,2015,140254
Europe,Western Europe,Belgium,2015,186586
Europe,Western Europe,France,2015,1397363
Europe,Western Europe,Germany,2015,1348955
Europe,Western Europe,Liechtenstein,2015,193
Europe,Western Europe,Monaco,2015,544
Europe,Western Europe,Netherlands,2015,335147
Europe,Western Europe,Switzerland,2015,155002
Oceania,Australia and New Zealand,Australia,2015,561174
Africa,Eastern Africa,Kenya,2016,1355
Africa,Western Africa,Senegal,2016,154
Americas,Caribbean,Barbados,2016,1701
Americas,Caribbean,Dominican Republic,2016,874
Americas,Caribbean,Grenada,2016,2476
Americas,Caribbean,Jamaica,2016,188
Americas,Caribbean,Puerto Rico,2016,23163
Americas,Central America,Belize,2016,752
Americas,Central America,Guatemala,2016,49114
Americas,Central America,Honduras,2016,3088
Americas,Central America,Mexico,2016,309692
Americas,Central America,Panama,2016,15983
Americas,Northern America,Bermuda,2016,1352
Americas,Northern America,Canada,2016,511054
Americas,Northern America,United States of America,2016,5638500
Americas,South America,Argentina,2016,270125
Americas,South America,Chile,2016,173528
Americas,South America,Colombia,2016,86564
Americas,South America,Ecuador,2016,31782
Americas,South America,Guyana,2016,4816
Americas,South America,Paraguay,2016,42381
Americas,South America,Peru,2016,94907
Americas,South America,Uruguay,2016,110401
Asia,Central Asia,Kyrgyzstan,2016,9292
Asia,Eastern Asia,Japan,2016,374497
Asia,Eastern Asia,Macao Special Administrative Region of China,2016,2932
Asia,Eastern Asia,Mongolia,2016,9065
Asia,Eastern Asia,Republic of Korea,2016,203037
Asia,South-Eastern Asia,Indonesia,2016,26636
Asia,South-Eastern Asia,Myanmar,2016,3125
Asia,South-Eastern Asia,Philippines,2016,49634
Asia,South-Eastern Asia,Singapore,2016,13665
Asia,South-Eastern Asia,Thailand,2016,33042
Asia,Southern Asia,Nepal,2016,1274
Asia,Southern Asia,Pakistan,2016,40388
Asia,Southern Asia,Sri Lanka,2016,6163
Asia,Western Asia,Armenia,2016,5677
Asia,Western Asia,Azerbaijan,2016,2407
Asia,Western Asia,Cyprus,2016,722
Asia,Western Asia,Turkey,2016,169917
Asia,Western Asia,United Arab Emirates,2016,4803
Europe,Eastern Europe,Bulgaria,2016,32727
Europe,Eastern Europe,Czech Republic,2016,71872
Europe,Eastern Europe,Hungary,2016,93592
Europe,Eastern Europe,Poland,2016,126392
Europe,Eastern Europe,Romania,2016,92099
Europe,Eastern Europe,Russian Federation,2016,736089
Europe,Eastern Europe,Slovakia,2016,15870
Europe,Northern Europe,Denmark,2016,225511
Europe,Northern Europe,Finland,2016,114490
Europe,Northern Europe,Iceland,2016,3472
Europe,Northern Europe,Ireland,2016,64981
Europe,Northern Europe,Latvia,2016,14570
Europe,Northern Europe,Lithuania,2016,19963
Europe,Northern Europe,Norway,2016,104507
Europe,Northern Europe,Sweden,2016,375396
Europe,Northern Europe,United Kingdom (England and Wales),2016,1329346
Europe,Northern Europe,United Kingdom (Northern Ireland),2016,24070
Europe,Northern Europe,United Kingdom (Scotland),2016,84867
Europe,Southern Europe,Albania,2016,5633
Europe,Southern Europe,Bosnia and Herzegovina,2016,4491
Europe,Southern Europe,Croatia,2016,12739
Europe,Southern Europe,Greece,2016,101777
Europe,Southern Europe,Kosovo under UNSCR 1244,2016,12593
Europe,Southern Europe,Montenegro,2016,506
Europe,Southern Europe,Portugal,2016,77774
Europe,Southern Europe,Serbia,2016,22441
Europe,Southern Europe,Slovenia,2016,21395
Europe,Southern Europe,Spain,2016,163077
Europe,Western Europe,Austria,2016,143531
Europe,Western Europe,France,2016,1381425
Europe,Western Europe,Germany,2016,1290481
Europe,Western Europe,Liechtenstein,2016,196
Europe,Western Europe,Monaco,2016,416
Europe,Western Europe,Netherlands,2016,304273
Europe,Western Europe,Switzerland,2016,143671
Oceania,Australia and New Zealand,Australia,2016,593369
